<?xml version="1.0" encoding="UTF-8"?>
<pages><page><url><![CDATA[wakacje]]></url><menuStatus><![CDATA[]]></menuStatus><menuOrder><![CDATA[0]]></menuOrder><menu><![CDATA[]]></menu><title><![CDATA[Bezpieczne wakacje ]]></title><parent><![CDATA[]]></parent><private><![CDATA[]]></private><tags><![CDATA[]]></tags></page><page><url><![CDATA[index]]></url><menuStatus><![CDATA[Y]]></menuStatus><menuOrder><![CDATA[1]]></menuOrder><menu><![CDATA[Strona główna]]></menu><title><![CDATA[Welcome to the jungle!!!!]]></title><parent><![CDATA[]]></parent><private><![CDATA[]]></private><tags><![CDATA[getsimple, easy, content management system]]></tags></page><page><url><![CDATA[aktualnosci]]></url><menuStatus><![CDATA[Y]]></menuStatus><menuOrder><![CDATA[2]]></menuOrder><menu><![CDATA[Aktualności]]></menu><title><![CDATA[Aktualności]]></title><parent><![CDATA[]]></parent><private><![CDATA[]]></private><tags><![CDATA[]]></tags></page><page><url><![CDATA[archiwum]]></url><menuStatus><![CDATA[Y]]></menuStatus><menuOrder><![CDATA[3]]></menuOrder><menu><![CDATA[Archiwum]]></menu><title><![CDATA[Archiwum]]></title><parent><![CDATA[]]></parent><private><![CDATA[]]></private><tags><![CDATA[]]></tags></page><page><url><![CDATA[archiwum-20172018]]></url><menuStatus><![CDATA[Y]]></menuStatus><menuOrder><![CDATA[0]]></menuOrder><menu><![CDATA[Archiwum 2017/2018]]></menu><title><![CDATA[Archiwum 2017/2018]]></title><parent><![CDATA[archiwum]]></parent><private><![CDATA[]]></private><tags><![CDATA[]]></tags></page><page><url><![CDATA[archiwum-201617]]></url><menuStatus><![CDATA[Y]]></menuStatus><menuOrder><![CDATA[1]]></menuOrder><menu><![CDATA[Archiwum2016/2017]]></menu><title><![CDATA[Archiwum2016/2017]]></title><parent><![CDATA[archiwum]]></parent><private><![CDATA[]]></private><tags><![CDATA[]]></tags></page></pages>
