<?xml version="1.0" encoding="UTF-8"?>
<channel><item><title><![CDATA[bs_dropdown_menu]]></title><slug>bs_dropdown_menu</slug><value><![CDATA[&lt;?php if (!$item-&gt;hasChildren) { ?&gt;
    &lt;li class=&quot;nav-item &lt;?php echo $item-&gt;classes; echo ($item-&gt;isCurrent)?&#039; active&#039;:&#039;&#039;; ?&gt;&quot;&gt;
        &lt;a class=&quot;nav-link&quot; href=&quot;&lt;?php echo htmlspecialchars($item-&gt;link); ?&gt;&quot;&gt;
            &lt;?php echo htmlspecialchars($item-&gt;text); echo ($item-&gt;isCurrent)?&#039; &lt;span class=&quot;sr-only&quot;&gt;(aktualna)&lt;/span&gt;&#039;:&#039;&#039;;?&gt;
        &lt;/a&gt;
    &lt;/li&gt;

&lt;?php } else {?&gt;

    &lt;li class=&quot;nav-item dropdown &lt;?php echo $item-&gt;classes; echo ($item-&gt;isCurrent)?&#039; active&#039;:&#039;&#039;; ?&gt;&quot;&gt;
        &lt;a class=&quot;nav-link dropdown-toggle&quot; href=&quot;#&quot; id=&quot;navbardrop&quot; data-toggle=&quot;dropdown&quot;&gt;
            &lt;?php echo htmlspecialchars($item-&gt;text); echo ($item-&gt;isCurrent)?&#039; &lt;span class=&quot;sr-only&quot;&gt;(aktualna)&lt;/span&gt;&#039;:&#039;&#039;;?&gt;
        &lt;/a&gt;

        &lt;div class=&quot;dropdown-menu&quot;&gt;

                &lt;?php
                $pages = return_i18n_pages();
                echo &#039;&lt;a class=&quot;dropdown-item&quot; href=&quot;&#039;.htmlspecialchars($item-&gt;link).&#039;&quot;&gt;&#039;.htmlspecialchars($item-&gt;text).&#039;&lt;/a&gt;&#039;;
                foreach (@$pages[$item-&gt;slug][&#039;children&#039;] as $child){
                    echo &#039;&lt;a class=&quot;dropdown-item&quot; href=&quot;&#039;.find_url($child, null).&#039;&quot;&gt;&#039;.$pages[$child][&#039;menu&#039;].&#039;&lt;/a&gt;&#039;;
                }

                ?&gt;

        &lt;/div&gt;
    &lt;/li&gt;
&lt;?php }?&gt;]]></value></item><item><title><![CDATA[bs_menu	]]></title><slug>bs_menu%09</slug><value><![CDATA[&lt;li class=&quot;nav-link &lt;?php echo $item-&gt;classes; echo ($item-&gt;isCurrent)?&#039; active&#039;:&#039;&#039;; ?&gt;&quot;&gt;
  &lt;a class=&quot;nav-link&quot; href=&quot;&lt;?php echo htmlspecialchars($item-&gt;link); ?&gt;&quot;&gt;
    &lt;?php echo htmlspecialchars($item-&gt;text); echo ($item-&gt;isCurrent)?&#039; &lt;span class=&quot;sr-only&quot;&gt;(aktualna)&lt;/span&gt;&#039;:&#039;&#039;;?&gt;
  &lt;/a&gt;
&lt;/li&gt;]]></value></item><item><title><![CDATA[cards]]></title><slug>cards</slug><value><![CDATA[&lt;style&gt;

.boxes {
  display: grid;
  grid-gap: 20px;
  grid-template-columns: repeat(auto-fit, minmax(250px, 4fr));
}

@media (max-width: 1340px) {
  .boxes {
    margin-left: 50px;
    margin-right: 50px;
    grid-gap: 1px 90px;
    grid-template-columns: repeat(auto-fit, minmax(350px, 4fr));
  }
}

.box {
  background: rgba(231, 230, 230, .4);
  text-align: center;
  padding: 1.5rem 2.5rem;
  box-shadow: var(--shadow);
  margin-bottom: 80px;
}

.box i {
  font-size: 45px;
}
 &lt;/style&gt;

&lt;section&gt;
		  &lt;div class=&quot;row justify-content-center mb-2 pb-3&quot;&gt;
            &lt;div class=&quot;col-md-7 text-center&quot;&gt;
            	&lt;h2 class=&quot;title&quot;&gt;Title&lt;/h2&gt;
            &lt;/div&gt;
          &lt;/div&gt;
          &lt;section class=&quot;boxes&quot;&gt;
            &lt;div class=&quot;bg-dark box&quot;&gt;
              &lt;i class=&quot;text-white far fa-newspaper fa-4x&quot;&gt;&lt;/i&gt;
              &lt;h3 class=&quot;text-white&quot;&gt;Aktualności&lt;/h3&gt;
              &lt;p class=&quot;text-white&quot;&gt;Lorem ipsum dolor sit amet, consectetur adipisicing elit. Quasi, expedita?&lt;/p&gt;
              &lt;button class=&quot;btn icon-box-index btn-light&quot; href=&quot;&quot;&gt;Button&lt;/button&gt;
            &lt;/div&gt;
            &lt;div class=&quot;bg-dark box&quot;&gt;
              &lt;i class=&quot;text-white fas fa-th-list fa-4x&quot;&gt;&lt;/i&gt;
              &lt;h3 class=&quot;text-white&quot;&gt;Archiwum&lt;/h3&gt;
              &lt;p class=&quot;text-white&quot;&gt;Lorem ipsum dolor sit amet, consectetur adipisicing elit. Quasi, expedita?&lt;/p&gt;
              &lt;button class=&quot;btn icon-box-index btn-light&quot; href=&quot;&quot;&gt;Button&lt;/button&gt;
            &lt;/div&gt;
            &lt;div class=&quot;bg-dark box&quot;&gt;
              &lt;i class=&quot;text-white fas fa-link fa-4x&quot;&gt;&lt;/i&gt;
              &lt;h3 class=&quot;text-white&quot;&gt;Linki&lt;/h3&gt;
              &lt;p class=&quot;text-white&quot;&gt;Lorem ipsum dolor sit amet, consectetur adipisicing elit. Quasi, expedita?&lt;/p&gt;
              &lt;button class=&quot;btn icon-box-index btn-light&quot; href=&quot;&quot;&gt;Button&lt;/button&gt;
            &lt;/div&gt;
          &lt;/section&gt;]]></value></item><item><title><![CDATA[linki]]></title><slug>linki</slug><value><![CDATA[&lt;div class=&quot;sidebar-box ftco-animate&quot;&gt;

&lt;h3 class=&quot;sidebar-heading&quot;&gt;Odwiedź również&lt;/h3&gt;

 &lt;ul class=&quot;categories&quot;&gt;

&lt;li&gt;&lt;a href=&quot;#&quot;&gt;strona główna&lt;/a&gt;&lt;/li&gt;
&lt;li&gt;&lt;a href=&quot;#&quot;&gt;materiały&lt;/a&gt;&lt;/li&gt;
&lt;li&gt;&lt;a href=&quot;#&quot;&gt;linki&lt;/a&gt;
&lt;/li&gt;&lt;li&gt;&lt;a href=&quot;#&quot;&gt;jakiś tam link&lt;/a&gt;&lt;/li&gt;
&lt;li&gt;&lt;a href=&quot;#&quot;&gt;jeszcze jeden&lt;/a&gt;&lt;/li&gt;
]]></value></item><item><title><![CDATA[Sidebar]]></title><slug>sidebar</slug><value><![CDATA[&lt;h2&gt;GetSimple Features&lt;/h2&gt;
&lt;ul&gt; 
&lt;li&gt;XML based data storage&lt;/li&gt; 
&lt;li&gt;Best-in-Class User Interface&lt;/li&gt; 
&lt;li&gt;&#039;Undo&#039; protection &amp;amp; backups&lt;/li&gt; 
&lt;li&gt;Easy to theme&lt;/li&gt; 
&lt;li&gt;Great documentation&lt;/li&gt; 
&lt;li&gt;Growing community&lt;/li&gt; 
&lt;/ul&gt;
&lt;p&gt;This is your sidebar text. Please change me in &lt;em&gt;Theme -&gt; Edit Components&lt;/em&gt;&lt;/p&gt;
&lt;p&gt;&lt;a href=&quot;http://get-simple.info/download/&quot;&gt;Download the Latest GetSimple&lt;/a&gt;&lt;/p&gt;]]></value></item><item><title><![CDATA[Tagline]]></title><slug>tagline</slug><value><![CDATA[Just Another GetSimple Website]]></value></item></channel>
