<?xml version="1.0" encoding="UTF-8"?>
<channel><item><pubDate><![CDATA[Fri, 31 May 2019 09:24:49 +0200]]></pubDate><title><![CDATA[Home]]></title><url><![CDATA[index]]></url><meta><![CDATA[getsimple, easy, content management system]]></meta><metad><![CDATA[]]></metad><menu><![CDATA[Home]]></menu><menuStatus><![CDATA[Y]]></menuStatus><template><![CDATA[template.php]]></template><parent><![CDATA[]]></parent><private><![CDATA[]]></private><author><![CDATA[admin]]></author><menuOrder><![CDATA[0]]></menuOrder><slug><![CDATA[index]]></slug><filename><![CDATA[index.xml]]></filename></item><item><pubDate><![CDATA[Fri, 31 May 2019 09:28:55 +0200]]></pubDate><title><![CDATA[Archiwum 2018/17]]></title><url><![CDATA[archiwum-201817]]></url><meta><![CDATA[]]></meta><metad><![CDATA[]]></metad><menu><![CDATA[Archiwum 2018/17]]></menu><menuOrder><![CDATA[0]]></menuOrder><menuStatus><![CDATA[Y]]></menuStatus><template><![CDATA[template.php]]></template><parent><![CDATA[archiwum]]></parent><private><![CDATA[]]></private><author><![CDATA[admin]]></author><slug><![CDATA[archiwum-201817]]></slug><filename><![CDATA[archiwum-201817.xml]]></filename></item><item><pubDate><![CDATA[Fri, 31 May 2019 09:27:39 +0200]]></pubDate><title><![CDATA[Archiwum]]></title><url><![CDATA[archiwum]]></url><meta><![CDATA[]]></meta><metad><![CDATA[]]></metad><menu><![CDATA[Archiwum]]></menu><menuStatus><![CDATA[Y]]></menuStatus><template><![CDATA[template.php]]></template><parent><![CDATA[]]></parent><private><![CDATA[]]></private><author><![CDATA[admin]]></author><menuOrder><![CDATA[2]]></menuOrder><slug><![CDATA[archiwum]]></slug><filename><![CDATA[archiwum.xml]]></filename></item><item><pubDate><![CDATA[Fri, 31 May 2019 09:26:42 +0200]]></pubDate><title><![CDATA[Aktualności]]></title><url><![CDATA[aktualnosci]]></url><meta><![CDATA[]]></meta><metad><![CDATA[]]></metad><menu><![CDATA[Aktualności ]]></menu><menuStatus><![CDATA[Y]]></menuStatus><template><![CDATA[template.php]]></template><parent><![CDATA[]]></parent><private><![CDATA[]]></private><author><![CDATA[admin]]></author><menuOrder><![CDATA[1]]></menuOrder><slug><![CDATA[aktualnosci]]></slug><filename><![CDATA[aktualnosci.xml]]></filename></item><item><pubDate><![CDATA[Fri, 31 May 2019 09:29:54 +0200]]></pubDate><title><![CDATA[Archiwum 2017/16]]></title><url><![CDATA[archiwum-201716]]></url><meta><![CDATA[]]></meta><metad><![CDATA[]]></metad><menu><![CDATA[Archiwum 2017/16]]></menu><menuStatus><![CDATA[Y]]></menuStatus><template><![CDATA[template.php]]></template><parent><![CDATA[archiwum]]></parent><private><![CDATA[]]></private><author><![CDATA[admin]]></author><menuOrder><![CDATA[1]]></menuOrder><slug><![CDATA[archiwum-201716]]></slug><filename><![CDATA[archiwum-201716.xml]]></filename></item></channel>
