<?xml version="1.0" encoding="UTF-8"?>
<channel><item><slug><![CDATA[bezpieczne-wakacje]]></slug><title><![CDATA[Bezpieczne wakacje]]></title><date><![CDATA[Mon, 03 Jun 2019 07:52:47 +0200]]></date><tags><![CDATA[wydarzenie]]></tags><private><![CDATA[]]></private><image><![CDATA[]]></image></item><item><slug><![CDATA[koniec-roku-szkolnego]]></slug><title><![CDATA[Koniec roku szkolnego]]></title><date><![CDATA[Mon, 03 Jun 2019 07:50:24 +0200]]></date><tags><![CDATA[wydarzenie]]></tags><private><![CDATA[]]></private><image><![CDATA[http://localhost/~kl2ag2/gs2/data/uploads/news.png]]></image></item></channel>
