<?xml version="1.0" encoding="UTF-8"?>
<pages><page><url><![CDATA[narzedzia]]></url><menuStatus><![CDATA[Y]]></menuStatus><menuOrder><![CDATA[0]]></menuOrder><menu><![CDATA[Narzędzia]]></menu><title><![CDATA[Narzędzia]]></title><parent><![CDATA[]]></parent><private><![CDATA[]]></private><tags><![CDATA[]]></tags></page><page><url><![CDATA[poczytaj]]></url><menuStatus><![CDATA[Y]]></menuStatus><menuOrder><![CDATA[1]]></menuOrder><menu><![CDATA[Poczytaj]]></menu><title><![CDATA[Poczytaj]]></title><parent><![CDATA[]]></parent><private><![CDATA[]]></private><tags><![CDATA[]]></tags></page><page><url><![CDATA[materialy]]></url><menuStatus><![CDATA[Y]]></menuStatus><menuOrder><![CDATA[2]]></menuOrder><menu><![CDATA[Materiały]]></menu><title><![CDATA[Materiały]]></title><parent><![CDATA[]]></parent><private><![CDATA[]]></private><tags><![CDATA[]]></tags></page><page><url><![CDATA[index]]></url><menuStatus><![CDATA[Y]]></menuStatus><menuOrder><![CDATA[3]]></menuOrder><menu><![CDATA[Strona główna]]></menu><title><![CDATA[Welcome to the jungle!!!!]]></title><parent><![CDATA[]]></parent><private><![CDATA[]]></private><tags><![CDATA[getsimple, easy, content management system]]></tags></page></pages>
