<?xml version="1.0" encoding="UTF-8"?>
<channel><item><pubDate><![CDATA[Mon, 03 Jun 2019 08:41:54 +0200]]></pubDate><title><![CDATA[Narzędzia]]></title><url><![CDATA[narzedzia]]></url><meta><![CDATA[]]></meta><metad><![CDATA[]]></metad><menu><![CDATA[Narzędzia]]></menu><menuOrder><![CDATA[0]]></menuOrder><menuStatus><![CDATA[Y]]></menuStatus><template><![CDATA[template.php]]></template><parent><![CDATA[]]></parent><private><![CDATA[]]></private><author><![CDATA[admin]]></author><slug><![CDATA[narzedzia]]></slug><filename><![CDATA[narzedzia.xml]]></filename></item><item><pubDate><![CDATA[Mon, 03 Jun 2019 08:41:00 +0200]]></pubDate><title><![CDATA[Poczytaj]]></title><url><![CDATA[poczytaj]]></url><meta><![CDATA[]]></meta><metad><![CDATA[]]></metad><menu><![CDATA[Poczytaj]]></menu><menuStatus><![CDATA[Y]]></menuStatus><template><![CDATA[template.php]]></template><parent><![CDATA[]]></parent><private><![CDATA[]]></private><author><![CDATA[admin]]></author><menuOrder><![CDATA[1]]></menuOrder><slug><![CDATA[poczytaj]]></slug><filename><![CDATA[poczytaj.xml]]></filename></item><item><pubDate><![CDATA[Mon, 03 Jun 2019 08:41:31 +0200]]></pubDate><title><![CDATA[Materiały]]></title><url><![CDATA[materialy]]></url><meta><![CDATA[]]></meta><metad><![CDATA[]]></metad><menu><![CDATA[Materiały]]></menu><menuStatus><![CDATA[Y]]></menuStatus><template><![CDATA[template.php]]></template><parent><![CDATA[]]></parent><private><![CDATA[]]></private><author><![CDATA[admin]]></author><menuOrder><![CDATA[2]]></menuOrder><slug><![CDATA[materialy]]></slug><filename><![CDATA[materialy.xml]]></filename></item><item><pubDate><![CDATA[Mon, 03 Jun 2019 07:54:30 +0200]]></pubDate><title><![CDATA[Welcome to the jungle!!!!]]></title><url><![CDATA[index]]></url><meta><![CDATA[getsimple, easy, content management system]]></meta><metad><![CDATA[]]></metad><menu><![CDATA[Strona główna]]></menu><menuStatus><![CDATA[Y]]></menuStatus><template><![CDATA[template.php]]></template><parent><![CDATA[]]></parent><private><![CDATA[]]></private><author><![CDATA[admin]]></author><menuOrder><![CDATA[3]]></menuOrder><slug><![CDATA[index]]></slug><filename><![CDATA[index.xml]]></filename></item></channel>
