<?xml version="1.0" encoding="UTF-8"?>
<item><pubDate>Mon, 03 Jun 2019 08:40:35 +0200</pubDate><title><![CDATA[Poczytaj]]></title><url><![CDATA[archiwum-20172018]]></url><meta><![CDATA[]]></meta><metad><![CDATA[]]></metad><menu><![CDATA[Archiwum 2017/2018]]></menu><menuOrder><![CDATA[0]]></menuOrder><menuStatus><![CDATA[Y]]></menuStatus><template><![CDATA[template.php]]></template><parent><![CDATA[]]></parent><content><![CDATA[]]></content><private><![CDATA[]]></private><author><![CDATA[admin]]></author></item>
