<?xml version="1.0" encoding="UTF-8"?>
<item><pubDate>Mon, 03 Jun 2019 07:52:00 +0200</pubDate><title><![CDATA[Bezpieczne wakacje ]]></title><url><![CDATA[wakacje]]></url><meta><![CDATA[]]></meta><metad><![CDATA[]]></metad><menu><![CDATA[]]></menu><menuOrder><![CDATA[0]]></menuOrder><menuStatus><![CDATA[]]></menuStatus><template><![CDATA[template.php]]></template><parent><![CDATA[]]></parent><content><![CDATA[&lt;p&gt;Hura hura hura :) !!!!!&lt;/p&gt;
]]></content><private><![CDATA[]]></private><author><![CDATA[admin]]></author></item>
