<?xml version="1.0" encoding="UTF-8"?>
<item><pubDate>Mon, 03 Jun 2019 08:41:31 +0200</pubDate><title><![CDATA[Materiały]]></title><url><![CDATA[materialy]]></url><meta><![CDATA[]]></meta><metad><![CDATA[]]></metad><menu><![CDATA[Materiały]]></menu><menuStatus><![CDATA[Y]]></menuStatus><template><![CDATA[template.php]]></template><parent><![CDATA[]]></parent><content><![CDATA[&lt;p&gt;:)&lt;/p&gt;
]]></content><private><![CDATA[]]></private><author><![CDATA[admin]]></author><menuOrder><![CDATA[2]]></menuOrder></item>
